,Epoch,TrainingLoss,TrainingAccuracy,ValidationLoss,ValidationAccuracy
0,1,5.06602144241333,0.01588713750243187,5.043455123901367,0.006451612804085016
0,2,4.525722503662109,0.05719369649887085,5.043644428253174,0.006451612804085016
0,3,4.160919189453125,0.09303507953882217,5.006673336029053,0.03082437254488468
0,4,3.8762035369873047,0.13351550698280334,4.715953350067139,0.033691756427288055
0,5,3.5778884887695312,0.1748856157064438,3.7826974391937256,0.16272401809692383
0,6,3.320571184158325,0.21924249827861786,2.7222182750701904,0.3541218638420105
0,7,3.00166916847229,0.2700813412666321,2.393049478530884,0.3777777850627899
0,8,2.7965455055236816,0.31361210346221924,2.021141767501831,0.46164873242378235
0,9,2.5791964530944824,0.35606253147125244,1.8705530166625977,0.47311827540397644
0,10,2.399559497833252,0.39463651180267334,1.6698814630508423,0.5304659605026245
0,11,1.4136675596237183,0.8023639917373657,1.1734654903411865,0.8716846108436584
0,12,1.4004992246627808,0.8063040375709534,1.2147817611694336,0.8401433825492859
0,13,1.3692994117736816,0.8054778575897217,1.0711419582366943,0.8946236371994019
0,14,1.3287204504013062,0.8260040879249573,1.2017215490341187,0.8602150678634644
0,15,1.3313177824020386,0.8340747356414795,1.081782341003418,0.8974910378456116
0,16,1.303124189376831,0.8380783200263977,1.1001441478729248,0.8774193525314331
0,17,1.3033071756362915,0.8355998992919922,1.1027302742004395,0.9096774458885193
0,18,1.299533724784851,0.8382053971290588,1.082646369934082,0.8860214948654175
0,19,1.3127237558364868,0.8382053971290588,1.0736204385757446,0.9075269103050232
0,20,1.2806471586227417,0.8437976837158203,1.152712345123291,0.8731182813644409
0,21,1.2444076538085938,0.8476741313934326,1.1432490348815918,0.8903225660324097
0,22,1.2911877632141113,0.843988299369812,1.0567365884780884,0.8974910378456116
0,23,1.2846431732177734,0.8436705470085144,1.3743889331817627,0.8258064389228821
0,24,1.268527865409851,0.8455770015716553,1.0319159030914307,0.9046595096588135
0,25,1.2551299333572388,0.8466573357582092,1.0026899576187134,0.9168458580970764
0,26,1.2342066764831543,0.8526309132575989,0.9895839691162109,0.9218637943267822
0,27,1.2323241233825684,0.8505337834358215,1.119640588760376,0.8903225660324097
0,28,1.2579697370529175,0.8500889539718628,1.0295082330703735,0.9103942513465881
0,29,1.2172988653182983,0.8553634881973267,1.0316028594970703,0.8960573673248291
0,30,1.2430446147918701,0.8508515357971191,1.1133183240890503,0.8853046298027039
0,31,1.2102326154708862,0.8605109453201294,1.060555338859558,0.8931899666786194
0,32,1.250105857849121,0.8500254154205322,1.0976791381835938,0.8946236371994019
0,33,1.2325537204742432,0.8542831540107727,1.095155119895935,0.8896057605743408
0,34,1.2196698188781738,0.850978672504425,1.1342755556106567,0.8795698881149292
0,35,1.2028374671936035,0.859494149684906,1.0289281606674194,0.9003584384918213
0,36,1.2144361734390259,0.8567615747451782,1.034010410308838,0.9046595096588135
0,37,1.201256513595581,0.859748363494873,1.0534921884536743,0.9025089740753174
0,38,1.2167160511016846,0.8543466925621033,1.0847169160842896,0.8953405022621155
0,39,1.205794095993042,0.8620996475219727,1.0447914600372314,0.9125447869300842
0,40,1.1901432275772095,0.8600025177001953,1.0069129467010498,0.9096774458885193
0,41,1.1698050498962402,0.8632435202598572,1.1049529314041138,0.875268816947937
0,42,1.1887316703796387,0.8602567315101624,1.010738492012024,0.9125447869300842
0,43,1.1906728744506836,0.8642603158950806,0.9910774230957031,0.9103942513465881
0,44,1.1966304779052734,0.858540952205658,0.9907212853431702,0.9204301238059998
0,45,1.1692662239074707,0.8650864362716675,0.9724767804145813,0.9046595096588135
0,46,1.1806107759475708,0.8588586449623108,0.9587938785552979,0.908243715763092
0,47,1.1710326671600342,0.864895761013031,0.9765984416007996,0.9132616519927979
0,48,1.1678375005722046,0.8658490180969238,1.029366135597229,0.9125447869300842
0,49,1.1816365718841553,0.8659125566482544,1.046995759010315,0.8924731016159058
0,50,1.157202124595642,0.8654677271842957,1.0616930723190308,0.8996415734291077
0,51,1.1786617040634155,0.8620361089706421,1.0316746234893799,0.9032257795333862
0,52,1.141908049583435,0.8704245090484619,1.0092600584030151,0.8960573673248291
0,53,1.1548055410385132,0.866484522819519,1.0361406803131104,0.8982079029083252
0,54,1.1356996297836304,0.8712506294250488,0.9317489862442017,0.9211469292640686
0,55,1.1505728960037231,0.8669928908348083,1.133340835571289,0.8946236371994019
0,56,1.1379423141479492,0.8708693385124207,0.959270179271698,0.9168458580970764
0,57,1.1454881429672241,0.8674377202987671,0.9582901000976562,0.9297491312026978
0,58,1.1485683917999268,0.8679460883140564,1.004598617553711,0.9103942513465881
0,59,1.1191402673721313,0.8714413046836853,1.045554757118225,0.9046595096588135
0,60,1.1465953588485718,0.8686451315879822,1.017661213874817,0.9168458580970764
0,61,1.1302242279052734,0.8711870908737183,0.966278076171875,0.8982079029083252
0,62,1.1277039051055908,0.8732206225395203,0.9899700880050659,0.9139785170555115
0,63,1.1536107063293457,0.8655312657356262,1.0129570960998535,0.9010752439498901
0,64,1.1364902257919312,0.8681367635726929,0.997997522354126,0.9125447869300842
0,65,1.1480536460876465,0.8692170977592468,0.9783814549446106,0.9182795882225037
0,66,1.1296817064285278,0.8744280338287354,0.9728779792785645,0.9240143299102783
0,67,1.1343603134155273,0.8726487159729004,1.0276119709014893,0.9003584384918213
0,68,1.1325922012329102,0.8730300068855286,0.9795202612876892,0.9139785170555115
0,69,1.1191039085388184,0.8696619272232056,0.8894584774971008,0.9304659366607666
0,70,1.1194746494293213,0.869344174861908,0.9728538393974304,0.9068100452423096
0,71,1.1244837045669556,0.8737290501594543,1.027105689048767,0.9039426445960999
0,72,1.1165058612823486,0.8753177523612976,1.0353519916534424,0.9139785170555115
0,73,1.1162958145141602,0.874745786190033,0.975273609161377,0.9025089740753174
0,74,1.108343243598938,0.8755083680152893,1.0668877363204956,0.8824372887611389
0,75,1.102480411529541,0.8776054978370667,0.9993888735771179,0.8982079029083252
0,76,1.1160064935684204,0.8745551705360413,0.9976605176925659,0.9025089740753174
0,77,1.100365400314331,0.8774784207344055,0.9845278859138489,0.9017921090126038
0,78,1.0942163467407227,0.8792577385902405,1.0140032768249512,0.8974910378456116
0,79,1.119825005531311,0.8712506294250488,0.9788797497749329,0.908243715763092
0,80,1.0973942279815674,0.8777325749397278,0.9312695860862732,0.9053763151168823
0,81,1.1076487302780151,0.8777325749397278,0.9591036438941956,0.9096774458885193
0,82,1.0940911769866943,0.8790671229362488,1.0358487367630005,0.9010752439498901
0,83,1.1042563915252686,0.873919665813446,0.9167263507843018,0.9283154010772705
0,84,1.0832446813583374,0.8800203204154968,1.011409044265747,0.9089605808258057
0,85,1.1024143695831299,0.8769064545631409,0.9433359503746033,0.9068100452423096
0,86,1.094786524772644,0.8779867887496948,1.0379412174224854,0.9003584384918213
0,87,1.0624366998672485,0.8845958113670349,0.9057521224021912,0.9197132587432861
0,88,1.0790200233459473,0.8799567818641663,0.9970744252204895,0.908243715763092
0,89,1.0882000923156738,0.8781774044036865,0.9714472889900208,0.9111111164093018
0,90,1.0987857580184937,0.8737290501594543,0.9245342016220093,0.9225806593894958
0,91,1.08241605758667,0.878113865852356,0.9578170776367188,0.9168458580970764
0,92,1.082521677017212,0.8844051957130432,0.9704080820083618,0.9225806593894958
0,93,1.0729830265045166,0.8807829022407532,0.9583054184913635,0.9182795882225037
0,94,1.0867149829864502,0.8804651498794556,0.9507684111595154,0.9146953225135803
0,95,1.0911445617675781,0.8833884000778198,0.8953564167022705,0.9426523447036743
0,96,1.075716495513916,0.8824352025985718,0.9472864270210266,0.9046595096588135
0,97,1.0542430877685547,0.8844051957130432,0.9657902121543884,0.9146953225135803
0,98,1.0587540864944458,0.8847229480743408,0.9569490551948547,0.9096774458885193
0,99,1.0813637971878052,0.8814184069633484,0.9702591300010681,0.9046595096588135
0,100,1.052066445350647,0.8856761455535889,0.9605011343955994,0.896774172782898
0,101,1.040783405303955,0.8865658640861511,0.9028269648551941,0.9197132587432861
0,102,1.0827972888946533,0.8807193636894226,0.9472948312759399,0.9204301238059998
0,103,1.0611279010772705,0.887137770652771,0.9787895083427429,0.9182795882225037
0,104,1.0548750162124634,0.8826258182525635,0.8995534777641296,0.9275985956192017
0,105,1.0549871921539307,0.8831977844238281,0.9197065830230713,0.915412187576294
0,106,1.0495368242263794,0.887391984462738,0.9462907314300537,0.9218637943267822
0,107,1.0565400123596191,0.8844051957130432,0.9073845744132996,0.9240143299102783
0,108,1.051142692565918,0.8846594095230103,0.8767893314361572,0.9340502023696899
0,109,1.053053855895996,0.8878368139266968,0.9861786365509033,0.9161290526390076
0,110,1.0590968132019043,0.8820539116859436,0.9433483481407166,0.915412187576294
0,111,1.035021185874939,0.8881545662879944,0.9555181860923767,0.9247311949729919
0,112,1.0540359020233154,0.8849135637283325,0.898077130317688,0.9275985956192017
0,113,1.0396405458450317,0.8875190615653992,0.9784219264984131,0.9168458580970764
0,114,1.0404165983200073,0.8869471549987793,0.9573076963424683,0.915412187576294
0,115,1.0558884143829346,0.8828800320625305,0.9383330345153809,0.9240143299102783
0,116,1.0474313497543335,0.8875190615653992,1.0458433628082275,0.915412187576294
0,117,1.0368051528930664,0.8880274295806885,1.0919630527496338,0.8896057605743408
0,118,1.0360878705978394,0.8887264728546143,0.9095165729522705,0.9283154010772705
0,119,1.0446548461914062,0.8862481117248535,1.0036287307739258,0.9096774458885193
0,120,1.032467246055603,0.8904423117637634,0.8730252385139465,0.9275985956192017
0,121,1.0124094486236572,0.8924123048782349,0.8770614862442017,0.9311828017234802
0,122,1.0289958715438843,0.8894890546798706,0.9560985565185547,0.9146953225135803
0,123,1.0520997047424316,0.8849135637283325,0.9574151635169983,0.9111111164093018
0,124,1.0317240953445435,0.8880274295806885,0.8948720097541809,0.9290322661399841
0,125,1.024053692817688,0.8894890546798706,0.9562522172927856,0.9125447869300842
0,126,1.0252019166946411,0.8917132616043091,0.9704592227935791,0.9168458580970764
0,127,1.0308001041412354,0.8904423117637634,0.9698809385299683,0.915412187576294
0,128,1.024657964706421,0.8932384252548218,0.9383028745651245,0.9118279814720154
0,129,1.00719153881073,0.8917768001556396,0.9197791814804077,0.9240143299102783
0,130,1.0244852304458618,0.890251636505127,0.9764633774757385,0.9025089740753174
0,131,1.0375003814697266,0.8898703455924988,0.9879997372627258,0.8974910378456116
0,132,1.0247676372528076,0.8899974822998047,0.992292582988739,0.9111111164093018
0,133,1.0397282838821411,0.884850025177002,0.8623082041740417,0.9275985956192017
0,134,1.0190070867538452,0.891459047794342,0.9232630133628845,0.9290322661399841
0,135,1.0237420797348022,0.8929206728935242,0.9444468021392822,0.9132616519927979
0,136,1.016626238822937,0.8906964659690857,0.9123021364212036,0.9232974648475647
0,137,1.0321426391601562,0.8874555230140686,1.0331923961639404,0.8946236371994019
0,138,1.0218687057495117,0.8919039368629456,0.9121382236480713,0.9204301238059998
0,139,1.0066479444503784,0.8941916823387146,0.9297382235527039,0.9254480004310608
0,140,0.9973617792129517,0.8963522911071777,0.9114386439323425,0.9146953225135803
0,141,1.0279620885849,0.8896161913871765,0.9128086566925049,0.9096774458885193
0,142,1.01561439037323,0.8910777568817139,0.8899800777435303,0.9290322661399841
0,143,1.0268633365631104,0.890251636505127,0.9122751355171204,0.91756272315979
0,144,1.012030005455017,0.8924758434295654,0.8977054357528687,0.9254480004310608
0,145,1.0121562480926514,0.8923487663269043,0.8996915221214294,0.9218637943267822
0,146,1.0112128257751465,0.8938103914260864,0.971232533454895,0.9189963936805725
0,147,0.9865007996559143,0.8940010070800781,0.9032526016235352,0.9197132587432861
0,148,1.0124104022979736,0.8929842114448547,1.1536939144134521,0.8817204236984253
0,149,1.0066931247711182,0.8934926390647888,0.9569637775421143,0.915412187576294
0,150,0.9999347925186157,0.8955897092819214,0.9150955677032471,0.926881730556488
0,151,1.0182874202728271,0.8903151750564575,0.9893919825553894,0.9075269103050232
0,152,1.0085153579711914,0.8913319706916809,0.8568046689033508,0.926881730556488
0,153,1.0163332223892212,0.8952720165252686,0.9261544346809387,0.9168458580970764
0,154,0.9937254786491394,0.8947000503540039,0.9056185483932495,0.9189963936805725
0,155,0.9891846179962158,0.8931113481521606,0.8649448156356812,0.926881730556488
0,156,0.987919807434082,0.896161675453186,0.8958730697631836,0.9290322661399841
0,157,1.0038323402404785,0.893873929977417,0.9257433414459229,0.9204301238059998
0,158,1.0084738731384277,0.8908236026763916,0.8370153903961182,0.948387086391449
0,159,1.0036852359771729,0.8910777568817139,0.9211061596870422,0.9275985956192017
0,160,0.983925998210907,0.8966065049171448,0.9563087224960327,0.8996415734291077
0,161,0.9969962239265442,0.8979410529136658,0.8969135284423828,0.9204301238059998
0,162,0.980755627155304,0.8962252140045166,0.9085448384284973,0.9161290526390076
0,163,1.0007091760635376,0.8947000503540039,0.95772385597229,0.9146953225135803
0,164,1.0009660720825195,0.89361971616745,0.9374370574951172,0.91756272315979
0,165,1.0309369564056396,0.8909506797790527,0.8849717974662781,0.9340502023696899
0,166,0.9917517304420471,0.8964794278144836,0.8919010758399963,0.91756272315979
0,167,0.9889023303985596,0.8937467932701111,0.9255795478820801,0.9225806593894958
0,168,0.9990741610527039,0.8940645456314087,0.8862482905387878,0.9261648654937744
0,169,1.0079768896102905,0.8926029205322266,0.9989394545555115,0.9125447869300842
0,170,0.9771015644073486,0.8980045914649963,0.8998970985412598,0.9304659366607666
0,171,0.9835690855979919,0.8966065049171448,0.9552330374717712,0.915412187576294
0,172,0.9968732595443726,0.8957168459892273,0.925408661365509,0.9275985956192017
0,173,0.9812822937965393,0.8966065049171448,0.9405694603919983,0.9139785170555115
0,174,0.9763624668121338,0.8980045914649963,0.8798148036003113,0.9261648654937744
0,175,0.9770480990409851,0.8990849256515503,1.0643608570098877,0.906093180179596
0,176,0.9876748323440552,0.8960345983505249,0.9659094214439392,0.9025089740753174
0,177,0.9789416790008545,0.8956533074378967,0.8611378073692322,0.936200737953186
0,178,0.9775809049606323,0.8978774547576904,0.8896121978759766,0.9232974648475647
0,179,0.9889785647392273,0.8975597620010376,0.9761134386062622,0.9125447869300842
0,180,0.9928422570228577,0.8962252140045166,0.9224805235862732,0.9254480004310608
0,181,0.9850468635559082,0.8971148729324341,0.9977160096168518,0.9089605808258057
0,182,0.9852471947669983,0.8976868391036987,0.961199164390564,0.9146953225135803
0,183,0.9693825840950012,0.902389407157898,0.9117527604103088,0.9139785170555115
0,184,0.9841775894165039,0.8971148729324341,0.9424301385879517,0.9039426445960999
0,185,0.9740907549858093,0.9011184573173523,0.9393187165260315,0.9204301238059998
0,186,0.9822723865509033,0.8977503776550293,0.9236270189285278,0.9304659366607666
0,187,0.9784237742424011,0.8997839093208313,0.8514497876167297,0.9383512735366821
0,188,0.9930375218391418,0.8944458365440369,0.9640653729438782,0.915412187576294
0,189,0.9696928858757019,0.8988942503929138,0.8563140630722046,0.9311828017234802
0,190,0.9642105102539062,0.8984494209289551,0.85918128490448,0.9326164722442627
0,191,0.9490029215812683,0.9037874937057495,0.9654194712638855,0.9032257795333862
0,192,0.9491175413131714,0.9027071595191956,0.876307487487793,0.9326164722442627
0,193,0.972846269607544,0.9002923369407654,0.8818466067314148,0.9218637943267822
0,194,0.9447332620620728,0.9034062027931213,0.9488455653190613,0.9161290526390076
0,195,0.9835485816001892,0.8978139162063599,0.8653696775436401,0.9225806593894958
0,196,0.9533534646034241,0.9013726711273193,0.912390947341919,0.9161290526390076
0,197,0.9738781452178955,0.8984494209289551,0.9217950105667114,0.9218637943267822
0,198,0.9728434681892395,0.9000381231307983,0.8815581202507019,0.915412187576294
0,199,0.9904337525367737,0.8962887525558472,0.8662301301956177,0.9369175434112549
0,200,0.9657307267189026,0.8996568322181702,0.9339391589164734,0.9068100452423096
0,201,0.9475985765457153,0.9014362096786499,0.9694567918777466,0.9111111164093018
0,202,0.9422327876091003,0.9023258686065674,0.8525084257125854,0.9318996667861938
0,203,0.9763360619544983,0.8964794278144836,0.9997299313545227,0.8888888955116272
0,204,0.9642359018325806,0.902389407157898,0.9773169755935669,0.898924708366394
0,205,0.9578418731689453,0.9044865369796753,0.914679765701294,0.9146953225135803
0,206,0.9616681933403015,0.9019445776939392,0.8342427015304565,0.9333333373069763
0,207,0.9640399217605591,0.899021327495575,0.9214017987251282,0.9204301238059998
0,208,0.9708023071289062,0.9009277820587158,1.0634127855300903,0.9039426445960999
0,209,0.9612414240837097,0.9031519889831543,0.8770609498023987,0.91756272315979
0,210,0.9444324374198914,0.9037874937057495,1.0054128170013428,0.9068100452423096
0,211,0.9271673560142517,0.908299446105957,0.955731987953186,0.9053763151168823
0,212,0.9766147136688232,0.8969242572784424,0.9085858464241028,0.9075269103050232
0,213,0.9609324932098389,0.902643620967865,0.9190860986709595,0.9189963936805725
0,214,0.9497716426849365,0.900355875492096,0.954180121421814,0.9211469292640686
0,215,0.941325306892395,0.9063929915428162,0.9135489463806152,0.9168458580970764
0,216,0.9402231574058533,0.9021352529525757,0.9089581370353699,0.9254480004310608
0,217,0.9520663619041443,0.9014362096786499,0.9102396368980408,0.9318996667861938
0,218,0.9326910972595215,0.9046136140823364,0.9617264270782471,0.8881720304489136
0,219,0.9737704396247864,0.899529755115509,0.9586222767829895,0.9111111164093018
0,220,0.9585972428321838,0.9034697413444519,0.9308132529258728,0.9139785170555115
0,221,0.9487897157669067,0.9012455344200134,0.9064545631408691,0.9068100452423096
0,222,0.9594797492027283,0.9006736278533936,0.9952050447463989,0.9146953225135803
0,223,0.9725992679595947,0.8987671732902527,0.8761759996414185,0.9232974648475647
0,224,0.94081711769104,0.9027706980705261,0.8811609148979187,0.9376344084739685
0,225,0.956849992275238,0.9023258686065674,0.8532652854919434,0.9189963936805725
0,226,0.9507513046264648,0.9043594598770142,0.9314026832580566,0.9211469292640686
0,227,0.9494150876998901,0.8993390798568726,0.9017627239227295,0.9290322661399841
0,228,0.9348570704460144,0.9072191119194031,0.8711385726928711,0.9304659366607666
0,229,0.9439798593521118,0.9040417075157166,0.8848052024841309,0.926881730556488
0,230,0.9408374428749084,0.9038510322570801,0.8939095139503479,0.9240143299102783
0,231,0.9887979030609131,0.8962252140045166,0.9843361377716064,0.9240143299102783
0,232,0.9468332529067993,0.9049949049949646,0.8958813548088074,0.9419354796409607
0,233,0.9422934651374817,0.8993390798568726,0.8498895764350891,0.9383512735366821
0,234,0.940337598323822,0.903978168964386,0.9299632906913757,0.9182795882225037
0,235,0.9426907300949097,0.9072191119194031,0.9117618799209595,0.91756272315979
0,236,0.9369876384735107,0.9055668711662292,0.8860911726951599,0.9261648654937744
0,237,0.9380882382392883,0.9067742824554443,0.8924354910850525,0.9225806593894958
0,238,0.9581148624420166,0.9040417075157166,0.8179787397384644,0.9462365508079529
0,239,0.9535067081451416,0.9024529457092285,0.8936646580696106,0.9283154010772705
0,240,0.9363174438476562,0.9063294529914856,0.9485395550727844,0.9103942513465881
0,241,0.9340764284133911,0.9074097871780396,0.9221979975700378,0.9146953225135803
0,242,0.9494048357009888,0.9042323231697083,0.9205513000488281,0.9261648654937744
0,243,0.9158850312232971,0.9083629846572876,0.9639794826507568,0.9118279814720154
0,244,0.9487908482551575,0.9039145708084106,0.9225227236747742,0.9132616519927979
0,245,0.9199922680854797,0.90804523229599,0.8851140737533569,0.9168458580970764
0,246,0.9297528266906738,0.9059481620788574,0.8635977506637573,0.9218637943267822
0,247,0.9241739511489868,0.9075368642807007,0.8819354176521301,0.9333333373069763
0,248,0.9326785206794739,0.9079816937446594,0.9591341614723206,0.8996415734291077
0,249,0.9477143883705139,0.9036604166030884,0.933755099773407,0.9240143299102783
0,250,0.9557623863220215,0.9034062027931213,0.9325027465820312,0.9168458580970764
0,251,0.9200922250747681,0.9082359075546265,0.8821973204612732,0.9261648654937744
0,252,0.9324479699134827,0.905757486820221,0.8739933371543884,0.9311828017234802
0,253,0.9390684366226196,0.9036604166030884,0.8836378455162048,0.9211469292640686
0,254,0.9214907884597778,0.9073461890220642,0.9983443021774292,0.915412187576294
0,255,0.9346096515655518,0.9063929915428162,0.9184985756874084,0.9254480004310608
0,256,0.9312943816184998,0.9065836071968079,0.8813241124153137,0.9283154010772705
0,257,0.9388912320137024,0.9009913802146912,0.8963579535484314,0.9318996667861938
0,258,0.9584907293319702,0.9017539620399475,0.9013097882270813,0.9240143299102783
0,259,0.924892246723175,0.9081723690032959,0.8855104446411133,0.9290322661399841
0,260,0.9194740653038025,0.909125566482544,0.9136283993721008,0.91756272315979
0,261,0.9055670499801636,0.9074097871780396,0.8356877565383911,0.9340502023696899
0,262,0.9311375617980957,0.904677152633667,0.94170081615448,0.9132616519927979
0,263,0.9305317401885986,0.9067742824554443,0.855963945388794,0.936200737953186
0,264,0.939489483833313,0.9070284962654114,0.922471284866333,0.9333333373069763
0,265,0.9470254182815552,0.9064565300941467,0.9489484429359436,0.9125447869300842
0,266,0.9331015944480896,0.9070920348167419,0.8966163396835327,0.9254480004310608
0,267,0.9279654622077942,0.909125566482544,0.9164138436317444,0.9318996667861938
0,268,0.9323089122772217,0.9075368642807007,0.8891717791557312,0.9240143299102783
0,269,0.9193947315216064,0.9112226963043213,0.837222158908844,0.9290322661399841
0,270,0.926950991153717,0.9058846235275269,0.8674579858779907,0.9254480004310608
0,271,0.9274833798408508,0.9044229984283447,0.9566140174865723,0.9089605808258057
0,272,0.9471922516822815,0.9044229984283447,0.8858630061149597,0.9290322661399841
0,273,0.925693929195404,0.906964898109436,0.9290236830711365,0.9304659366607666
0,274,0.920917809009552,0.9099516868591309,0.8189736604690552,0.9347670078277588
0,275,0.9108208417892456,0.9055668711662292,0.81529700756073,0.9376344084739685
0,276,0.9103605151176453,0.9090620279312134,0.9315776228904724,0.9275985956192017
0,277,0.9226899743080139,0.904931366443634,0.9311826825141907,0.9204301238059998
0,278,0.9081847667694092,0.9126207232475281,0.8772322535514832,0.9161290526390076
0,279,0.937014102935791,0.9040417075157166,1.0077768564224243,0.915412187576294
0,280,0.939805269241333,0.9064565300941467,0.9035128355026245,0.9118279814720154
0,281,0.9076175689697266,0.9078546166419983,0.9154167175292969,0.9254480004310608
0,282,0.9347789287567139,0.9037874937057495,0.954145073890686,0.9232974648475647
0,283,0.932057797908783,0.9072191119194031,0.9362660646438599,0.9025089740753174
0,284,0.9342986941337585,0.9070284962654114,0.9397695660591125,0.9111111164093018
0,285,0.9094804525375366,0.90804523229599,0.9508865475654602,0.915412187576294
0,286,0.9151276350021362,0.9120488166809082,0.8931888937950134,0.9204301238059998
0,287,0.9109008312225342,0.9102059006690979,0.9303494095802307,0.9003584384918213
0,288,0.907020092010498,0.9070284962654114,0.8814231157302856,0.9240143299102783
0,289,0.9234588742256165,0.9107778072357178,0.8782590627670288,0.9297491312026978
0,290,0.9307780861854553,0.905757486820221,0.9262264966964722,0.9247311949729919
0,291,0.9022281765937805,0.9113497734069824,0.879428505897522,0.9247311949729919
0,292,0.9114326238632202,0.9107778072357178,0.8932969570159912,0.9197132587432861
0,293,0.9219770431518555,0.9053126573562622,0.9097515344619751,0.9146953225135803
0,294,0.9219480156898499,0.9072826504707336,0.8613380789756775,0.9290322661399841
0,295,0.909029483795166,0.9075368642807007,0.8658286929130554,0.9275985956192017
0,296,0.9090160727500916,0.909125566482544,0.8857421278953552,0.9412186145782471
0,297,0.9198814034461975,0.9073461890220642,0.8344511985778809,0.9419354796409607
0,298,0.9460068345069885,0.9047407507896423,0.9316062331199646,0.9146953225135803
0,299,0.9283744096755981,0.9079816937446594,0.9710103869438171,0.91756272315979
0,300,0.9217805862426758,0.9109684824943542,0.9174367189407349,0.9240143299102783
0,301,0.9227662682533264,0.9084265232086182,0.88495272397995,0.9333333373069763
0,302,0.8994983434677124,0.9140188097953796,0.9211335778236389,0.9197132587432861
0,303,0.9028440713882446,0.9104601144790649,0.9391833543777466,0.9211469292640686
0,304,0.8855077028274536,0.9153533577919006,0.8739142417907715,0.9211469292640686
0,305,0.9198567271232605,0.9099516868591309,0.9498646259307861,0.9068100452423096
0,306,0.9287540912628174,0.9037874937057495,0.9051302671432495,0.9225806593894958
0,307,0.9104503393173218,0.911413311958313,0.9420702457427979,0.9189963936805725
0,308,0.9292652606964111,0.9066472053527832,0.9422568082809448,0.91756272315979
0,309,0.9218099117279053,0.9078546166419983,0.9314818978309631,0.9189963936805725
0,310,0.9046028852462769,0.9116039872169495,0.9079520106315613,0.9204301238059998
0,311,0.9008062481880188,0.912747859954834,0.9107260704040527,0.9261648654937744
0,312,0.9112443327903748,0.9097610712051392,0.8858413100242615,0.9290322661399841
0,313,0.9165981411933899,0.9094433188438416,0.8531246781349182,0.9354838728904724
0,314,0.8858526349067688,0.9126207232475281,0.9347072839736938,0.9275985956192017
0,315,0.9091492891311646,0.911159098148346,0.8930516242980957,0.9139785170555115
0,316,0.9147229194641113,0.9102059006690979,0.9373146891593933,0.9204301238059998
0,317,0.9050280451774597,0.913446843624115,0.8197073340415955,0.9376344084739685
0,318,0.9148711562156677,0.9085536599159241,0.9575002193450928,0.9111111164093018
0,319,0.9027525782585144,0.9138917326927185,0.8522369861602783,0.9240143299102783
0,320,0.9150341153144836,0.9053761959075928,0.8354140520095825,0.9376344084739685
0,321,0.9082924723625183,0.9119852781295776,0.9296022057533264,0.9261648654937744
0,322,0.9062485694885254,0.9092526435852051,0.8386871814727783,0.9290322661399841
0,323,0.9283868074417114,0.9070284962654114,0.9516282081604004,0.9089605808258057
0,324,0.8897814750671387,0.9133197665214539,0.9401668906211853,0.9068100452423096
0,325,0.9112009406089783,0.9086171984672546,0.9550854563713074,0.9247311949729919
0,326,0.9046182632446289,0.9098881483078003,0.9279784560203552,0.9168458580970764
0,327,0.8953125476837158,0.9128113985061646,0.9689379334449768,0.9168458580970764
0,328,0.8948974013328552,0.9139552712440491,0.8270038962364197,0.9354838728904724
0,329,0.8729395866394043,0.9158617258071899,0.8969615697860718,0.9290322661399841
0,330,0.8979204297065735,0.9114768505096436,0.9617438912391663,0.9032257795333862
0,331,0.8940151333808899,0.9103965163230896,0.9525099992752075,0.9240143299102783
0,332,0.9071457386016846,0.9092526435852051,0.8145305514335632,0.9283154010772705
0,333,0.8807108402252197,0.9137645959854126,0.8152061700820923,0.9283154010772705
0,334,0.9111844897270203,0.9065836071968079,0.9451577067375183,0.9240143299102783
0,335,0.8979393243789673,0.9128113985061646,0.9567151069641113,0.9247311949729919
0,336,0.9196097254753113,0.909379780292511,0.9240526556968689,0.9182795882225037
0,337,0.9122236967086792,0.9092526435852051,0.921541154384613,0.9189963936805725
0,338,0.9229384660720825,0.9086171984672546,0.9177020192146301,0.9204301238059998
0,339,0.9042338728904724,0.9110955595970154,0.892318844795227,0.9283154010772705
0,340,0.8838254809379578,0.9155439734458923,0.8233924508094788,0.9318996667861938
0,341,0.9060395956039429,0.9090620279312134,0.8718469142913818,0.9225806593894958
0,342,0.895672619342804,0.915035605430603,0.876751184463501,0.9311828017234802
0,343,0.9051011800765991,0.9098246097564697,0.8811845183372498,0.9347670078277588
0,344,0.8750571608543396,0.9144636392593384,0.8570446372032166,0.9318996667861938
0,345,0.8880610466003418,0.9158617258071899,0.9004061222076416,0.9275985956192017
0,346,0.9028342366218567,0.9101423621177673,0.9547643065452576,0.9240143299102783
0,347,0.9091363549232483,0.9112862348556519,0.9640483856201172,0.9103942513465881
0,348,0.9015495777130127,0.9093162417411804,1.0085124969482422,0.9132616519927979
0,349,0.9068760871887207,0.911413311958313,0.9129174947738647,0.9204301238059998
0,350,0.8961185216903687,0.9137645959854126,0.8741883039474487,0.9232974648475647
0,351,0.9056358337402344,0.9126842617988586,0.8151417970657349,0.9304659366607666
0,352,0.8885155916213989,0.9119216799736023,0.8392928242683411,0.9333333373069763
0,353,0.8722317218780518,0.9165607690811157,0.9021878838539124,0.9232974648475647
0,354,0.9031465649604797,0.9110320210456848,0.8894568085670471,0.9161290526390076
0,355,0.9110251665115356,0.9108414053916931,0.8840572834014893,0.9297491312026978
0,356,0.8838925957679749,0.9142730236053467,0.906988263130188,0.915412187576294
0,357,0.8802319765090942,0.9143365621566772,0.8414258360862732,0.9275985956192017
0,358,0.8701897859573364,0.9159252643585205,0.9183291792869568,0.9304659366607666
0,359,0.9004957675933838,0.9117946028709412,0.8745670914649963,0.9304659366607666
0,360,0.9136881828308105,0.9099516868591309,0.8796215057373047,0.926881730556488
0,361,0.8784733414649963,0.9154804348945618,0.9569671154022217,0.9146953225135803
0,362,0.8894639611244202,0.9121123552322388,0.9538684487342834,0.9103942513465881
0,363,0.9017810225486755,0.9095068573951721,0.9709352850914001,0.896774172782898
0,364,0.9157167077064514,0.9117946028709412,0.828842043876648,0.926881730556488
0,365,0.8865317106246948,0.9133197665214539,0.8730388879776001,0.9261648654937744
0,366,0.8829578161239624,0.9138281941413879,0.8644681572914124,0.9204301238059998
0,367,0.8825178146362305,0.9163700938224792,0.8122024536132812,0.9318996667861938
0,368,0.8757877945899963,0.9148449301719666,0.7919673323631287,0.9476702213287354
0,369,0.8962880373001099,0.9128749370574951,0.8803828954696655,0.9197132587432861
0,370,0.894851803779602,0.9096975326538086,0.9404239058494568,0.9204301238059998
0,371,0.8763095140457153,0.9149720668792725,0.8200103640556335,0.9283154010772705
0,372,0.8856863975524902,0.9131926894187927,0.8627508878707886,0.9232974648475647
0,373,0.8974852561950684,0.9123029708862305,0.8228757977485657,0.9318996667861938
0,374,0.8626537919044495,0.9164336323738098,0.8636582493782043,0.9232974648475647
0,375,0.8659573197364807,0.918403685092926,0.8887892961502075,0.9168458580970764
0,376,0.8812479972839355,0.9136375188827515,0.8452382683753967,0.9347670078277588
0,377,0.8841984868049622,0.9149084687232971,0.870144248008728,0.9182795882225037
0,378,0.8857197761535645,0.9124301075935364,0.8652129173278809,0.926881730556488
0,379,0.8733558654785156,0.9187849760055542,0.888776421546936,0.9254480004310608
0,380,0.900637686252594,0.9138281941413879,0.938876211643219,0.9075269103050232
0,381,0.8722906112670898,0.9172598123550415,0.8598508834838867,0.9283154010772705
0,382,0.865074098110199,0.9160523414611816,0.8697677850723267,0.9290322661399841
0,383,0.8844089508056641,0.9128113985061646,0.8058419823646545,0.9383512735366821
0,384,0.9101750254631042,0.912747859954834,0.9521142244338989,0.9089605808258057
0,385,0.8898386359214783,0.9147178530693054,0.9232001900672913,0.9146953225135803
0,386,0.8789664506912231,0.9147178530693054,0.8984401226043701,0.9161290526390076
0,387,0.8748639822006226,0.9144001007080078,0.8883658647537231,0.9204301238059998
0,388,0.891051709651947,0.9147178530693054,0.8953956365585327,0.9225806593894958
0,389,0.8801639676094055,0.9169420599937439,0.8968803286552429,0.9204301238059998
0,390,0.9001092910766602,0.9131291508674622,0.8270453810691833,0.9347670078277588
0,391,0.8704829216003418,0.9168785214424133,0.882111668586731,0.9118279814720154
0,392,0.8764418363571167,0.9147178530693054,0.9018908143043518,0.91756272315979
0,393,0.8842832446098328,0.9154804348945618,0.9263231754302979,0.9211469292640686
0,394,0.8981947898864746,0.9133833050727844,0.8709589838981628,0.9254480004310608
0,395,0.8898176550865173,0.9139552712440491,0.8332303166389465,0.9290322661399841
0,396,0.8754062652587891,0.9156075119972229,0.9430904984474182,0.9197132587432861
0,397,0.876542866230011,0.9154168963432312,0.8414233922958374,0.9225806593894958
0,398,0.8623261451721191,0.9175775051116943,0.8449239730834961,0.9247311949729919
0,399,0.8552496433258057,0.9180223941802979,0.8948314189910889,0.9218637943267822
0,400,0.8650333285331726,0.9185943007469177,0.8868780136108398,0.926881730556488
0,401,0.8941247463226318,0.9125571846961975,0.9465031623840332,0.9182795882225037
0,402,0.9050983786582947,0.9123029708862305,0.9763095378875732,0.906093180179596
0,403,0.8743805885314941,0.9163700938224792,0.8744784593582153,0.9261648654937744
0,404,0.8720840215682983,0.9176411032676697,0.8960105180740356,0.9139785170555115
0,405,0.888518750667572,0.9117946028709412,0.8360900282859802,0.9347670078277588
0,406,0.8807506561279297,0.9149084687232971,0.8787820935249329,0.9225806593894958
0,407,0.8809129595756531,0.9146543145179749,0.9671926498413086,0.906093180179596
0,408,0.887694776058197,0.9151626825332642,0.865445077419281,0.9275985956192017
0,409,0.8616076111793518,0.9186578392982483,0.8312148451805115,0.9369175434112549
0,410,0.8940998315811157,0.9155439734458923,0.8003049492835999,0.9419354796409607
0,411,0.886920154094696,0.9175139665603638,0.8313524723052979,0.9225806593894958
0,412,0.8810823559761047,0.9148449301719666,0.876121997833252,0.9304659366607666
0,413,0.8585488200187683,0.9192933440208435,0.9857705235481262,0.9096774458885193
0,414,0.8589334487915039,0.9168785214424133,0.8630691170692444,0.9333333373069763
0,415,0.8946711421012878,0.911413311958313,0.8975902795791626,0.9290322661399841
0,416,0.9012143611907959,0.9138281941413879,0.9186239242553711,0.9247311949729919
0,417,0.8731462955474854,0.9205642938613892,0.9086597561836243,0.908243715763092
0,418,0.8610069751739502,0.9171326756477356,0.8607851266860962,0.9318996667861938
0,419,0.8928247690200806,0.9164336323738098,0.9828935265541077,0.9161290526390076
0,420,0.8635963201522827,0.9186578392982483,0.9329310655593872,0.9182795882225037
0,421,0.8656240701675415,0.9166243076324463,0.9154974818229675,0.9297491312026978
0,422,0.8820206522941589,0.9126207232475281,0.8670413494110107,0.9204301238059998
0,423,0.8706343770027161,0.918149471282959,0.8920137882232666,0.9247311949729919
0,424,0.848433256149292,0.919102668762207,0.9454742074012756,0.9132616519927979
0,425,0.8738962411880493,0.9177046418190002,0.8055588603019714,0.9469534158706665
0,426,0.8479363322257996,0.9214540123939514,0.9205002188682556,0.9168458580970764
0,427,0.8783878684043884,0.9149720668792725,0.8687304258346558,0.9290322661399841
0,428,0.8687533736228943,0.916814923286438,0.8771340847015381,0.9376344084739685
0,429,0.8495545387268066,0.9193568825721741,0.9494087100028992,0.9103942513465881
0,430,0.8611551523208618,0.9199288487434387,0.8336179852485657,0.9354838728904724
0,431,0.8701446056365967,0.9156710505485535,0.8454464673995972,0.9311828017234802
0,432,0.8611418604850769,0.9184672236442566,0.8272202014923096,0.9254480004310608
0,433,0.8756640553474426,0.9160523414611816,0.8597109317779541,0.9318996667861938
0,434,0.872800350189209,0.9154804348945618,0.8609580397605896,0.9326164722442627
0,435,0.8830848932266235,0.9170055985450745,0.9205101132392883,0.9189963936805725
0,436,0.870815634727478,0.9171962141990662,0.8675798773765564,0.9290322661399841
0,437,0.876477062702179,0.9155439734458923,0.8610488772392273,0.9340502023696899
0,438,0.8736051917076111,0.919102668762207,0.9525453448295593,0.9211469292640686
0,439,0.8858014941215515,0.9152897596359253,0.8434529304504395,0.936200737953186
0,440,0.8505306839942932,0.9226614236831665,0.9070334434509277,0.9261648654937744
0,441,0.8602482676506042,0.9192933440208435,0.8275706768035889,0.9376344084739685
0,442,0.8745410442352295,0.9168785214424133,0.8715408444404602,0.9261648654937744
0,443,0.8764488697052002,0.9174504280090332,0.8968062996864319,0.9254480004310608
0,444,0.857330322265625,0.9179587960243225,0.8602199554443359,0.926881730556488
0,445,0.8599284887313843,0.9188485145568848,0.916559636592865,0.9275985956192017
0,446,0.8578222393989563,0.9185307621955872,0.854786217212677,0.9354838728904724
0,447,0.8800649046897888,0.9158617258071899,0.9107456207275391,0.91756272315979
0,448,0.8700718283653259,0.917069137096405,0.9329739212989807,0.9118279814720154
0,449,0.8876922130584717,0.9182765483856201,0.8219263553619385,0.9297491312026978
0,450,0.8661340475082397,0.9178317189216614,0.9387609362602234,0.9068100452423096
0,451,0.855087161064148,0.9200559258460999,0.8023551106452942,0.9318996667861938
0,452,0.8516974449157715,0.9200559258460999,0.8574502468109131,0.9290322661399841
0,453,0.8555904626846313,0.9171326756477356,0.8496188521385193,0.9397849440574646
0,454,0.8573670983314514,0.917069137096405,0.8880273699760437,0.9240143299102783
0,455,0.871915876865387,0.9164336323738098,0.930983304977417,0.9189963936805725
0,456,0.8592315912246704,0.9166243076324463,0.8716311454772949,0.9333333373069763
0,457,0.8734660148620605,0.9199923872947693,0.8492223620414734,0.926881730556488
0,458,0.8588187098503113,0.9192933440208435,0.9648271203041077,0.9225806593894958
0,459,0.8680362105369568,0.9196746349334717,0.8954749703407288,0.9139785170555115
0,460,0.8501049280166626,0.9185307621955872,0.8497228622436523,0.9318996667861938
0,461,0.8423439264297485,0.9195475578308105,0.8908758163452148,0.9275985956192017
0,462,0.8682736158370972,0.9162430167198181,0.9146586656570435,0.915412187576294
0,463,0.8516294360160828,0.9229791760444641,0.8991736173629761,0.9211469292640686
0,464,0.8740315437316895,0.9158617258071899,0.8974500894546509,0.9254480004310608
0,465,0.8433418273925781,0.9243136644363403,0.8358742594718933,0.936200737953186
0,466,0.880315899848938,0.9159252643585205,0.9225453734397888,0.9261648654937744
0,467,0.8537396192550659,0.9197381734848022,0.8146595358848572,0.9275985956192017
0,468,0.8497990369796753,0.9210091233253479,0.8546232581138611,0.9354838728904724
0,469,0.603669285774231,0.9429333806037903,0.540838360786438,0.9376344084739685
0,470,0.46970677375793457,0.95252925157547,0.5040772557258606,0.9412186145782471
0,471,0.41610032320022583,0.9554524421691895,0.49940168857574463,0.9412186145782471
0,472,0.387841135263443,0.9590111970901489,0.4592461884021759,0.9469534158706665
0,473,0.3656071126461029,0.9599008560180664,0.44476890563964844,0.9412186145782471
0,474,0.35363492369651794,0.9603456854820251,0.4452613890171051,0.9448028802871704
0,475,0.3457542061805725,0.9619344472885132,0.41198450326919556,0.9462365508079529
0,476,0.3314915597438812,0.9634596109390259,0.4298436641693115,0.9426523447036743
0,477,0.32990795373916626,0.961298942565918,0.4238136112689972,0.9397849440574646
0,478,0.3147510886192322,0.963586688041687,0.4175354540348053,0.9433691501617432
0,479,0.31105729937553406,0.9653660655021667,0.4081443250179291,0.9455196857452393
0,480,0.3002070486545563,0.9651118516921997,0.3726640045642853,0.9498208165168762
0,481,0.30243316292762756,0.964667022228241,0.4218844473361969,0.9405018091201782
0,482,0.2964959740638733,0.964667022228241,0.36199435591697693,0.9419354796409607
0,483,0.28272438049316406,0.9681621789932251,0.39081352949142456,0.9426523447036743
0,484,0.287231981754303,0.9679715037345886,0.3987411856651306,0.9448028802871704
0,485,0.28693217039108276,0.9664463400840759,0.38553115725517273,0.9476702213287354
0,486,0.2822275459766388,0.9666370153427124,0.3666529357433319,0.9462365508079529
0,487,0.2782750427722931,0.9657473564147949,0.3620762825012207,0.9462365508079529
0,488,0.2733062505722046,0.9682892560958862,0.36846932768821716,0.948387086391449
0,489,0.27051013708114624,0.966700553894043,0.32809364795684814,0.9505376219749451
0,490,0.2715384364128113,0.96695476770401,0.35979849100112915,0.9419354796409607
0,491,0.26188066601753235,0.9696238040924072,0.3662841022014618,0.9476702213287354
0,492,0.24975258111953735,0.9661921858787537,0.32185718417167664,0.9469534158706665
0,493,0.24733801186084747,0.9677808880805969,0.33187729120254517,0.9455196857452393
0,494,0.24900788068771362,0.9665099382400513,0.31666186451911926,0.9440860152244568
0,495,0.25522691011428833,0.9647305607795715,0.33266976475715637,0.9455196857452393
0,496,0.25222697854042053,0.9684163928031921,0.33073222637176514,0.9405018091201782
0,497,0.25252285599708557,0.9679715037345886,0.3607666492462158,0.9476702213287354
0,498,0.24051433801651,0.971403181552887,0.32510384917259216,0.9448028802871704
0,499,0.2476266771554947,0.9683527946472168,0.3128513693809509,0.9440860152244568
0,500,0.2456125169992447,0.9693060517311096,0.3085200786590576,0.948387086391449
0,501,0.24732550978660583,0.9703863859176636,0.36293983459472656,0.9412186145782471
0,502,0.24580174684524536,0.9691789746284485,0.35018250346183777,0.9369175434112549
0,503,0.24769309163093567,0.9695602655410767,0.33178064227104187,0.9426523447036743
0,504,0.2386372834444046,0.9709582924842834,0.3403043746948242,0.9383512735366821
0,505,0.23994308710098267,0.9705134630203247,0.3566635549068451,0.936200737953186
0,506,0.24584011733531952,0.9696873426437378,0.34300440549850464,0.9347670078277588
0,507,0.23507803678512573,0.9714667201042175,0.371684193611145,0.9311828017234802
0,508,0.2363375723361969,0.9702592492103577,0.3657224476337433,0.9311828017234802
0,509,0.24234551191329956,0.969242513179779,0.33404481410980225,0.9369175434112549
0,510,0.23952196538448334,0.9695602655410767,0.3536560535430908,0.9326164722442627
0,511,0.23494723439216614,0.9711489677429199,0.33883389830589294,0.9405018091201782
0,512,0.24286140501499176,0.9676538109779358,0.3558565676212311,0.9318996667861938
0,513,0.23536954820156097,0.9711489677429199,0.3218579888343811,0.9405018091201782
0,514,0.2396651655435562,0.970068633556366,0.319729208946228,0.9476702213287354
